[
    {
        "id": "1",
        "title": "蠕虫狩猎 - 蛇游戏 iO 区",
        "title_en": "worm-hunt-snake-game-io-zone",
        "description": "《Worm Hunt》是一款经典的贪吃蛇类IO游戏，玩家控制一条小蛇在地图上不断吞噬食物，同时躲避其他玩家的攻击。游戏支持多人在线对战，适合休闲娱乐。搜索关键词：贪吃蛇IO游戏、在线多人贪吃蛇、Worm Hunt游戏下载。",
        "url": "https://html5.gamedistribution.com/7a03f98dcaa14dee9473508e29d7fa4d/",
        "image": "https://img.gamedistribution.com/7a03f98dcaa14dee9473508e29d7fa4d-512x384.jpg",
        "time": "2025-02-20"
    },
    {
        "id": "2",
        "title": "清凉女孩点击器",
        "title_en": "chill-girl-clicker",
        "description": "《Chill Girl Clicker》是一款轻松点击放置游戏，玩家通过点击屏幕帮助女孩完成各种任务，解锁新场景和道具。游戏节奏舒缓，适合休闲玩家。搜索关键词：轻松点击游戏、放置类休闲游戏、Chill Girl Clicker攻略、点击游戏推荐。",
        "url": "https://html5.gamedistribution.com/8490f0000f9240ab82c96d3e1d91267a/",
        "image": "https://img.gamedistribution.com/8490f0000f9240ab82c96d3e1d91267a-512x384.jpg",
        "time": "2025-03-14"
    },
    {
        "id": "3",
        "title": "Sigma Boy：音乐点击器",
        "title_en": "sigma-boy:-musical-clicker",
        "description": "《Sigma Boy: Musical Clicker》是一款节奏点击游戏，玩家通过点击屏幕跟随音乐节奏，解锁新曲目和角色。游戏结合了音乐和点击玩法，适合喜欢挑战节奏感的玩家。搜索词：Sigma Boy Musical Clicker 游戏下载、节奏点击游戏推荐、音乐游戏排行榜。",
        "url": "https://html5.gamedistribution.com/9d577e41726143709a5c6ba72d044503/",
        "image": "https://img.gamedistribution.com/9d577e41726143709a5c6ba72d044503-512x384.jpg",
        "time": "2025-02-08"
    },
    {
        "id": "4",
        "title": "旋转 Uia Uia Cat 砖块",
        "title_en": "spinning-oia-oia-cat-bricker",
        "description": "《旋转Uia Uia猫砖块》是一款休闲益智游戏，玩家通过旋转屏幕中的猫砖块，匹配相同图案来消除它们。游戏节奏轻松，适合打发时间。搜索关键词：旋转猫砖块游戏、Uia Uia消除游戏、休闲益智猫砖块。",
        "url": "https://html5.gamedistribution.com/75c07154fb2b4aafad4c5f67ddb37963/",
        "image": "https://img.gamedistribution.com/75c07154fb2b4aafad4c5f67ddb37963-512x384.jpg",
        "time": "2025-02-14"
    },
    {
        "id": "5",
        "title": "鱿鱼挑战：生存游戏",
        "title_en": "squid-game-s2-play-and-survive",
        "description": "《Squid Challenge: Play to Survive》是一款紧张刺激的生存挑战游戏，玩家需要在各种极限环境中完成高难度任务，躲避陷阱并击败对手。游戏灵感源自热门剧集《鱿鱼游戏》，充满惊险与策略。适合喜欢冒险和竞技的玩家。  \\n：鱿鱼游戏挑战、生存冒险游戏、高难度任务游戏、极限环境生存游戏",
        "url": "https://html5.gamedistribution.com/ae6e6fa3fce34550b25a74027a57b1b0/",
        "image": "https://img.gamedistribution.com/ae6e6fa3fce34550b25a74027a57b1b0-512x384.jpg",
        "time": "2025-02-20"
    },
    {
        "id": "6",
        "title": "荒野乱斗声音",
        "title_en": "brawl-stars",
        "description": "《Brawl Stars Sound》是一款专为《荒野乱斗》玩家设计的音效应用，提供游戏内所有角色的语音、技能音效和背景音乐。玩家可以随时随地享受游戏中的经典音效，提升游戏体验。适合《荒野乱斗》粉丝和音效爱好者。",
        "url": "https://html5.gamedistribution.com/8364fda6b3d2459dabf7429219c9cbbd/",
        "image": "https://img.gamedistribution.com/8364fda6b3d2459dabf7429219c9cbbd-512x384.jpg",
        "time": "2025-02-19"
    },
    {
        "id": "7",
        "title": "罗比熔岩海啸",
        "title_en": "robby-the-lava-tsunami",
        "description": "《Robby The Lava Tsunami》是一款快节奏的跑酷游戏，玩家扮演勇敢的Robby，在火山爆发时逃离熔岩洪流。通过跳跃、滑行和躲避障碍物，挑战高分并解锁新角色。游戏画面精美，操作简单易上手，适合休闲娱乐。  \\n：Robby The Lava Tsunami 跑酷游戏、火山逃生游戏、熔岩跑酷挑战、休闲跑酷手游",
        "url": "https://html5.gamedistribution.com/163c6611639748e6a0f43ebdf72e4e6b/",
        "image": "https://img.gamedistribution.com/163c6611639748e6a0f43ebdf72e4e6b-512x384.jpg",
        "time": "2025-02-09"
    },
    {
        "id": "8",
        "title": "几何星星",
        "title_en": "geometry-stars",
        "description": "《几何之星》是一款休闲益智游戏，玩家通过连接星星来创造几何图形，挑战空间思维和手眼协调能力。游戏画面简洁，关卡丰富，适合所有年龄段的玩家。\\n\\n长尾词：几何之星游戏下载、几何之星玩法、几何之星益智游戏",
        "url": "https://html5.gamedistribution.com/15e7309e294e4f78943d9e39fc0a0d85/",
        "image": "https://img.gamedistribution.com/15e7309e294e4f78943d9e39fc0a0d85-512x384.jpg",
        "time": "2025-02-13"
    },
    {
        "id": "9",
        "title": "Sprunki 拼图和唱歌",
        "title_en": "sprunki-puzzles-and-singing",
        "description": "《Sprunki Puzzles and Singing》是一款结合拼图与音乐的游戏，适合儿童和家庭娱乐。玩家通过完成拼图解锁歌曲，享受互动式音乐体验。游戏画面色彩丰富，操作简单，适合培养孩子的逻辑思维和音乐感知能力。\\n\\n长尾词：儿童拼图音乐游戏、家庭互动游戏、儿童逻辑思维游戏",
        "url": "https://html5.gamedistribution.com/778d6c33d39042e382b9146d1937eafa/",
        "image": "https://img.gamedistribution.com/778d6c33d39042e382b9146d1937eafa-512x384.jpg",
        "time": "2025-02-15"
    },
    {
        "id": "10",
        "title": "女士泳池",
        "title_en": "lady-pool",
        "description": "《Lady Pool》是一款以台球为主题的休闲游戏，玩家可以在游戏中挑战各种台球技巧，体验真实的物理碰撞效果。游戏包含多种模式和关卡，适合所有年龄段的玩家。通过简单的操作，玩家可以轻松上手，享受台球的乐趣。\\n\\n长尾词：Lady Pool台球游戏、Lady Pool下载、Lady Pool攻略、Lady Pool技巧、Lady Pool休闲游戏",
        "url": "https://html5.gamedistribution.com/60e9d5d6300b41778dfdfd4ec86d32cb/",
        "image": "https://img.gamedistribution.com/60e9d5d6300b41778dfdfd4ec86d32cb-512x384.jpg",
        "time": "2025-02-19"
    },
    {
        "id": "11",
        "title": "银行抢劫案 3",
        "title_en": "bank-robbery-3",
        "description": "《Bank Robbery 3》是一款刺激的模拟抢劫游戏，玩家将扮演劫匪，策划并执行银行抢劫。游戏包含多种任务，如破解保险箱、躲避警察追捕等。玩家需要运用策略和技巧，成功逃脱并获取丰厚奖励。适合喜欢冒险和策略的玩家。\\n\\n长尾词：银行抢劫模拟游戏、抢劫银行逃脱游戏、策略冒险游戏",
        "url": "https://html5.gamedistribution.com/68cfbb1a27534d8ab6fea9c0183dfae2/",
        "image": "https://img.gamedistribution.com/68cfbb1a27534d8ab6fea9c0183dfae2-512x384.jpg",
        "time": "2025-02-21"
    },
    {
        "id": "12",
        "title": "几何冲刺新手",
        "title_en": "noob-in-geometry-dash",
        "description": "《Noob in Geometry Dash》是一款节奏感极强的平台跳跃游戏。玩家需要控制角色躲避障碍，随着音乐节奏完成关卡。游戏操作简单但极具挑战性，适合喜欢音乐和动作游戏的玩家。搜索关键词：几何冲刺新手攻略、几何冲刺音乐游戏、几何冲刺高难度关卡。",
        "url": "https://html5.gamedistribution.com/4d0faf326d03466baf7c0987d612c1a4/",
        "image": "https://img.gamedistribution.com/4d0faf326d03466baf7c0987d612c1a4-512x384.jpg",
        "time": "2025-01-17"
    },
    {
        "id": "13",
        "title": "Ellie 中国新年庆祝活动",
        "title_en": "ellie-chinese-new-year-celebration",
        "description": "《Ellie的中国新年庆祝》是一款轻松有趣的模拟游戏，玩家将帮助Ellie准备和庆祝中国新年。通过装饰房间、准备传统美食和参与节日活动，体验浓厚的节日氛围。适合喜欢文化探索和休闲游戏的玩家。\\n\\n长尾词：中国新年模拟游戏、Ellie节日庆祝游戏、春节主题休闲游戏",
        "url": "https://html5.gamedistribution.com/e840aa4900b14adda1c9f4c9f97427be/",
        "image": "https://img.gamedistribution.com/e840aa4900b14adda1c9f4c9f97427be-512x384.jpg",
        "time": "2025-01-23"
    },
    {
        "id": "14",
        "title": "泡泡爆蝴蝶",
        "title_en": "bubble-pop-butterfly",
        "description": "《泡泡蝴蝶》是一款轻松有趣的益智游戏，玩家通过点击屏幕消除彩色泡泡，帮助蝴蝶飞向天空。游戏画面精美，关卡丰富，适合休闲娱乐。搜索关键词：泡泡蝴蝶消除游戏、益智泡泡游戏、休闲泡泡消除手游。",
        "url": "https://html5.gamedistribution.com/66dd5da83d634094b48bf3dda29bba54/",
        "image": "https://img.gamedistribution.com/66dd5da83d634094b48bf3dda29bba54-512x384.jpeg",
        "time": "2023-07-11"
    },
    {
        "id": "15",
        "title": "农历新年麻将",
        "title_en": "chinese-new-year-mahjong",
        "description": "《中国新年麻将》是一款以中国传统节日为主题的麻将游戏。玩家可以在游戏中体验经典麻将玩法，同时欣赏到精美的中国新年装饰和背景音乐。游戏适合所有年龄段的玩家，既能娱乐又能感受节日氛围。搜索关键词：中国新年麻将游戏、春节麻将、传统麻将游戏、节日麻将、麻将游戏下载。",
        "url": "https://html5.gamedistribution.com/87885d2ffe084d6684b8d0c161566bb5/",
        "image": "https://img.gamedistribution.com/87885d2ffe084d6684b8d0c161566bb5-512x384.jpeg",
        "time": "2019-09-27"
    },
    {
        "id": "16",
        "title": "蠕虫区一条滑溜溜的蛇",
        "title_en": "worms-zone-a-slithery-snake",
        "description": "《Worms Zone: 贪吃蛇大作战》是一款多人竞技的贪吃蛇游戏。玩家控制一条蠕虫，通过吞噬地图上的食物和击败其他玩家来不断成长。游戏节奏快，策略性强，适合休闲娱乐。搜索关键词：贪吃蛇多人游戏、蠕虫竞技游戏、在线贪吃蛇对战。",
        "url": "https://html5.gamedistribution.com/5dd0b18fb81d49da82ff459f08737390/",
        "image": "https://img.gamedistribution.com/5dd0b18fb81d49da82ff459f08737390-512x384.jpeg",
        "time": "2025-01-28"
    },
    {
        "id": "17",
        "title": "麻将对决",
        "title_en": "mahjong-duels",
        "description": "《Mahjong Duels》是一款经典麻将对战游戏，玩家通过匹配消除相同图案的麻将牌来得分。游戏包含多种关卡和挑战模式，适合休闲娱乐。玩家可以在单人模式中挑战自我，或在多人模式中与朋友一较高下。游戏画面精美，操作简单易上手。\\n\\n长尾词：麻将消除游戏、经典麻将对战、休闲麻将游戏、多人麻将游戏、消除类游戏推荐",
        "url": "https://html5.gamedistribution.com/978c131979974a8a9c77cf2f0fb51760/",
        "image": "https://img.gamedistribution.com/978c131979974a8a9c77cf2f0fb51760-512x384.jpeg",
        "time": "2022-12-06"
    },
    {
        "id": "18",
        "title": "城堡工艺",
        "title_en": "castle-craft",
        "description": "《城堡工艺》是一款沙盒建造游戏，玩家可以在开放世界中收集资源、建造城堡并抵御敌人入侵。游戏融合了策略与生存元素，支持多人合作模式。适合喜欢创造与冒险的玩家。搜索关键词：城堡工艺游戏下载、沙盒建造游戏推荐、多人合作生存游戏。",
        "url": "https://html5.gamedistribution.com/9c2c7478d22b439b9518574c9feec0bc/",
        "image": "https://img.gamedistribution.com/9c2c7478d22b439b9518574c9feec0bc-512x384.jpg",
        "time": "2024-11-26"
    },
    {
        "id": "19",
        "title": "蝴蝶岛",
        "title_en": "butterfly-shimai",
        "description": "《蝴蝶姐妹》是一款轻松有趣的模拟游戏，玩家将扮演蝴蝶姐妹，在美丽的花园中探索、采集花蜜并与其他昆虫互动。游戏画面精美，玩法简单，适合所有年龄段的玩家。通过完成任务，你可以解锁更多花园区域和蝴蝶种类。游戏充满自然气息，带来放松的体验。\\n\\n：蝴蝶姐妹游戏下载、蝴蝶姐妹花园探索、蝴蝶姐妹模拟游戏、蝴蝶姐妹花蜜采集、蝴蝶姐妹昆虫互动",
        "url": "https://html5.gamedistribution.com/4b3fb2d93d7941818c81f42624bb7ea8/",
        "image": "https://img.gamedistribution.com/4b3fb2d93d7941818c81f42624bb7ea8-512x384.jpeg",
        "time": "2023-02-08"
    },
    {
        "id": "20",
        "title": "蛇王",
        "title_en": "snake-king",
        "description": "《Snake King》是一款经典的贪吃蛇游戏，玩家操控一条蛇在屏幕上不断吃食物，每吃一个食物蛇身就会变长。游戏难度逐渐增加，蛇身越长越难操控，需要避免撞到墙壁或自己的身体。游戏画面简洁，操作简单，适合所有年龄段的玩家。长尾词：经典贪吃蛇游戏、Snake King下载、在线贪吃蛇游戏、免费贪吃蛇游戏、Snake King攻略。",
        "url": "https://html5.gamedistribution.com/60a1ae358dc9421f8a903b52407e14e8/",
        "image": "https://img.gamedistribution.com/60a1ae358dc9421f8a903b52407e14e8-512x384.jpg",
        "time": "2024-12-03"
    },
    {
        "id": "21",
        "title": "泡泡射手蝴蝶",
        "title_en": "bubble-shooter-butterfly",
        "description": "《泡泡射手：蝴蝶》是一款经典的泡泡射击游戏。玩家通过发射彩色泡泡，匹配三个或更多相同颜色的泡泡来消除它们。游戏以美丽的蝴蝶为主题，关卡丰富，难度逐渐增加。适合所有年龄段的玩家，锻炼反应能力和策略思维。\\n\\n长尾词：泡泡射手蝴蝶游戏下载、泡泡射击游戏推荐、蝴蝶主题泡泡游戏",
        "url": "https://html5.gamedistribution.com/5436a76009e54fcbb42eb6e8e751e960/",
        "image": "https://img.gamedistribution.com/5436a76009e54fcbb42eb6e8e751e960-512x384.jpg",
        "time": "2024-02-01"
    },
    {
        "id": "22",
        "title": "名人农历新年装扮",
        "title_en": "celebritys-chinese-new-year-look",
        "description": "《Celebrity Chinese New Year Look》是一款模拟换装游戏，玩家可以为名人设计春节造型，体验传统与现代的时尚结合。游戏包含丰富的服饰和配饰，适合喜欢时尚和节日氛围的玩家。  \\n：春节换装游戏、名人时尚模拟、春节造型设计、节日换装游戏",
        "url": "https://html5.gamedistribution.com/a5eb9f2a96af4cc780c7d445f6734de8/",
        "image": "https://img.gamedistribution.com/a5eb9f2a96af4cc780c7d445f6734de8-512x384.jpeg",
        "time": "2023-01-16"
    },
    {
        "id": "23",
        "title": "点三麻将",
        "title_en": "tap-3-mahjong",
        "description": "《Tap 3 Mahjong》是一款经典麻将消除游戏，玩家需点击三个相同的麻将牌进行消除。游戏包含多个关卡，难度逐渐增加，适合休闲娱乐。玩家可以享受轻松的解谜体验，同时锻炼观察力和反应能力。游戏画面精美，操作简单，适合所有年龄段的玩家。\\n\\n长尾词：Tap 3 Mahjong 游戏介绍、Tap 3 Mahjong 玩法、Tap 3 Mahjong 关卡、Tap 3 Mahjong 下载",
        "url": "https://html5.gamedistribution.com/871b9e2eae2447f3bb2174841d1cfa39/",
        "image": "https://img.gamedistribution.com/871b9e2eae2447f3bb2174841d1cfa39-512x384.png",
        "time": "2024-12-10"
    },
    {
        "id": "24",
        "title": "热带融合",
        "title_en": "tropical-merge",
        "description": "《Tropical Merge》是一款轻松有趣的合并消除游戏。玩家通过合并相同物品来解锁新道具，建设并装饰自己的热带岛屿。游戏画面精美，玩法简单易上手，适合休闲娱乐。搜索关键词：热带合并游戏、合并消除游戏、岛屿建设游戏、休闲合并游戏。",
        "url": "https://html5.gamedistribution.com/4eafc18cbceb45ed884f6c5d70df3963/",
        "image": "https://img.gamedistribution.com/4eafc18cbceb45ed884f6c5d70df3963-512x384.jpg",
        "time": "2023-08-03"
    },
    {
        "id": "25",
        "title": "最佳经典麻将连接",
        "title_en": "best-classic-mahjong-connect-1",
        "description": "《经典麻将连连看》是一款经典的麻将消除游戏。玩家需要将相同的麻将牌配对消除，在规定时间内完成所有配对即可过关。游戏包含多个关卡，难度逐渐增加，适合喜欢挑战的玩家。搜索关键词：经典麻将连连看游戏、麻将消除游戏、连连看游戏下载。",
        "url": "https://html5.gamedistribution.com/b8a3a3d16c7f49ecbd08a4db26aecedd/",
        "image": "https://img.gamedistribution.com/b8a3a3d16c7f49ecbd08a4db26aecedd-512x384.jpg",
        "time": "2023-10-17"
    },
    {
        "id": "26",
        "title": "合并王国",
        "title_en": "the-mergest-kingdom",
        "description": "《合并王国》是一款轻松有趣的合并类策略游戏。玩家通过合并相同物品来升级建筑、解锁新区域，打造属于自己的梦幻王国。游戏画面精美，玩法简单易上手，适合休闲娱乐。搜索关键词：合并王国游戏下载、合并类策略手游推荐、轻松休闲合并游戏。",
        "url": "https://html5.gamedistribution.com/b5203bfef51242c39690c761321d769f/",
        "image": "https://img.gamedistribution.com/b5203bfef51242c39690c761321d769f-512x384.jpg",
        "time": "2023-08-03"
    },
    {
        "id": "27",
        "title": "贪吃蛇 2048.io",
        "title_en": "snake-2048.io",
        "description": "《Snake 2048.io》是一款结合贪吃蛇和2048玩法的休闲游戏。玩家通过控制蛇头吃掉数字方块，合并相同数字以提升分数。游戏操作简单，但需要策略规划，适合打发时间。搜索词：Snake 2048.io玩法、2048贪吃蛇游戏、休闲益智游戏推荐。",
        "url": "https://html5.gamedistribution.com/2ede434f41c84f8d89cc809f4b79ce32/",
        "image": "https://img.gamedistribution.com/2ede434f41c84f8d89cc809f4b79ce32-512x384.jpg",
        "time": "2024-05-09"
    },
    {
        "id": "28",
        "title": "WormsArena.io",
        "title_en": "wormsarena.io",
        "description": "《WormsArena.io》是一款多人在线对战游戏，玩家操控可爱的蠕虫角色，在竞技场中与其他玩家展开激烈战斗。通过收集武器和道具，制定策略，击败对手，成为最后的胜利者。游戏画面卡通，操作简单，适合休闲娱乐。\\n\\n：WormsArena.io中文介绍、WormsArena.io怎么玩、WormsArena.io在线对战游戏、WormsArena.io攻略",
        "url": "https://html5.gamedistribution.com/de5f668c21a7489ebc62f932efb75f78/",
        "image": "https://img.gamedistribution.com/de5f668c21a7489ebc62f932efb75f78-512x384.jpg",
        "time": "2024-01-24"
    },
    {
        "id": "29",
        "title": "鱿鱼滑行游戏 2",
        "title_en": "squid-sprunki-slither-game-2",
        "description": "《Squid Sprunki Slither Game 2》是一款休闲益智游戏，玩家控制可爱的鱿鱼角色在迷宫中穿梭，收集金币并避开障碍物。游戏画面精美，操作简单，适合所有年龄段的玩家。通过不断挑战关卡，解锁新角色和道具，体验更多乐趣。\\n\\n：Squid Sprunki Slither Game 2下载、Squid Sprunki Slither Game 2攻略、Squid Sprunki Slither Game 2在线玩",
        "url": "https://html5.gamedistribution.com/ce7c9660bba64d2f90d0b76f7369c44b/",
        "image": "https://img.gamedistribution.com/ce7c9660bba64d2f90d0b76f7369c44b-512x384.jpg",
        "time": "2025-01-23"
    },
    {
        "id": "30",
        "title": "红灯 绿灯",
        "title_en": "red-light-green-light-2",
        "description": "《红灯绿灯》是一款经典的儿童游戏，玩家需在“绿灯”时前进，“红灯”时停下，考验反应速度。适合家庭聚会或户外活动，简单有趣，深受孩子喜爱。搜索关键词：儿童红灯绿灯游戏规则、户外红灯绿灯玩法、家庭聚会儿童游戏推荐。",
        "url": "https://html5.gamedistribution.com/788f89d325d840f391139ce0e1212c46/",
        "image": "https://img.gamedistribution.com/788f89d325d840f391139ce0e1212c46-512x384.jpg",
        "time": "2025-01-31"
    },
    {
        "id": "31",
        "title": "鱿鱼游戏2",
        "title_en": "squid-challenge-2",
        "description": "《Squid Game 2》是一款基于热门剧集《鱿鱼游戏》改编的生存冒险游戏。玩家将参与一系列致命挑战，争夺巨额奖金。游戏包含解谜、策略和动作元素，考验玩家的智慧和反应能力。适合喜欢紧张刺激和生存挑战的玩家。\\n\\n长尾词：鱿鱼游戏2生存挑战、Squid Game 2解谜游戏、鱿鱼游戏2策略冒险",
        "url": "https://html5.gamedistribution.com/a09c7214ebda42c9ba47434cc3207d53/",
        "image": "https://img.gamedistribution.com/a09c7214ebda42c9ba47434cc3207d53-512x384.jpeg",
        "time": "2022-02-15"
    },
    {
        "id": "32",
        "title": "塔卫士",
        "title_en": "tower-defenders",
        "description": "与亡灵维京战士战斗，升级你的防御。利用你因胜利而获得的奖励来发挥你的优势。尽你所能坚持下去！",
        "url": "https://html5.gamedistribution.com/d2194f2a265b4ecc9290f961102788db/",
        "image": "https://img.gamedistribution.com/d2194f2a265b4ecc9290f961102788db-512x384.jpg",
        "time": "2022-03-15"
    }
]