[
        {
        "id": "32",
        "title": "周五晚上 Sprunki",
        "title_en": "friday-night-sprunki",
        "description": "《Friday Night Sprunki》是一款节奏音乐游戏，玩家需要跟随音乐节奏点击屏幕上的音符，挑战高分。游戏拥有丰富的曲库和多样的难度选择，适合不同水平的玩家。通过完成关卡，玩家可以解锁新歌曲和角色。游戏画面精美，操作简单易上手，是音乐游戏爱好者的不二之选。\\n\\n长尾词：Friday Night Sprunki 游戏下载、Friday Night Sprunki 音乐游戏、Friday Night Sprunki 节奏游戏",
        "url": "https://html5.gamedistribution.com/ea32a1b7222c4d25a207564983ec6cdb/",
        "image": "https://img.gamedistribution.com/ea32a1b7222c4d25a207564983ec6cdb-512x384.jpg",
        "time": "2024-12-12"
    },
    {
        "id": "33",
        "title": "斯普伦基",
        "title_en": "sprunki",
        "description": "《Sprunki》是一款轻松有趣的益智游戏，玩家需要通过点击屏幕控制角色跳跃，避开障碍物并收集星星。游戏画面简洁，操作简单，适合所有年龄段的玩家。挑战你的反应速度和手眼协调能力，看看你能走多远！\\n\\n：  \\n- Sprunki游戏下载  \\n- Sprunki玩法攻略  \\n- Sprunki高分技巧  \\n- Sprunki安卓版  \\n- Sprunki iOS版",
        "url": "https://html5.gamedistribution.com/26272dd59da64ef58bfd83f89ad4ae2f/",
        "image": "https://img.gamedistribution.com/26272dd59da64ef58bfd83f89ad4ae2f-512x384.jpg",
        "time": "2024-12-02"
    },
    {
        "id": "34",
        "title": "鱿鱼射手",
        "title_en": "squid-shooter",
        "description": "《Squid Shooter》是一款刺激的射击游戏，玩家将扮演一名深海战士，使用各种武器对抗入侵的巨型鱿鱼和海洋怪物。游戏画面精美，操作简单，适合所有年龄段的玩家。通过不断升级装备和技能，玩家可以挑战更高难度的关卡。\\n\\n长尾词：Squid Shooter游戏下载、Squid Shooter攻略、Squid Shooter在线玩",
        "url": "https://html5.gamedistribution.com/c0a72373f81d4096a325f9b0dde0d7b9/",
        "image": "https://img.gamedistribution.com/c0a72373f81d4096a325f9b0dde0d7b9-512x384.jpeg",
        "time": "2021-12-31"
    },
    {
        "id": "35",
        "title": "鱿鱼斗士",
        "title_en": "squid-fighter",
        "description": "《Squid Fighter》是一款快节奏的海洋冒险游戏，玩家扮演一只勇敢的乌贼，在深海中使用触手与各种敌人战斗。通过升级技能和装备，挑战强大的Boss，探索神秘的海底世界。游戏画面精美，操作简单易上手，适合所有年龄段的玩家。\\n\\n：  \\n- Squid Fighter 游戏下载  \\n- Squid Fighter 攻略技巧  \\n- Squid Fighter 海底冒险游戏  \\n- Squid Fighter 乌贼战斗游戏  \\n- Squid Fighter 新手入门指南",
        "url": "https://html5.gamedistribution.com/903b56f82b0e419ea07202c52298d0b9/",
        "image": "https://img.gamedistribution.com/903b56f82b0e419ea07202c52298d0b9-512x384.jpeg",
        "time": "2021-11-26"
    },
    {
        "id": "36",
        "title": "鱿鱼挑战玻璃桥",
        "title_en": "squid-challenge-glass-bridge",
        "description": "《鱿鱼挑战玻璃桥》是一款紧张刺激的生存冒险游戏。玩家需要在脆弱的玻璃桥上保持平衡，避开陷阱，与其他玩家竞争，成为最后的幸存者。游戏考验反应速度和策略，适合喜欢挑战和冒险的玩家。",
        "url": "https://html5.gamedistribution.com/50c0a2e77342437a915faa5149f9baa3/",
        "image": "https://img.gamedistribution.com/50c0a2e77342437a915faa5149f9baa3-512x384.jpeg",
        "time": "2022-02-03"
    },
    {
        "id": "37",
        "title": "鱿鱼跑者",
        "title_en": "squid-run",
        "description": "《Squid Runner》是一款紧张刺激的跑酷游戏，玩家将扮演一名逃亡者，在充满障碍和陷阱的赛道上奔跑，躲避追捕者并收集道具。游戏节奏快速，画面精美，适合喜欢挑战的玩家。长尾词：Squid Runner 游戏下载、Squid Runner 跑酷技巧、Squid Runner 高分攻略。",
        "url": "https://html5.gamedistribution.com/264e9d5f86ca41b5befb5ff2215ff266/",
        "image": "https://img.gamedistribution.com/264e9d5f86ca41b5befb5ff2215ff266-512x384.jpeg",
        "time": "2022-11-07"
    },{
        "id": "38",
        "title": "鱿鱼游戏2",
        "title_en": "squid-game-2",
        "description": "《Squid Game 2》是一款基于热门韩剧《鱿鱼游戏》改编的生存冒险游戏。玩家将参与一系列致命的童年游戏，与其他玩家竞争，争取巨额奖金。游戏融合了策略、心理战和动作元素，考验玩家的反应和决策能力。适合喜欢生存挑战和紧张剧情的玩家。",
        "url": "https://html5.gamedistribution.com/66f24a03669f4ead87178ef4a893a16d/",
        "image": "https://img.gamedistribution.com/66f24a03669f4ead87178ef4a893a16d-512x384.jpeg",
        "time": "2021-12-02"
    },
    {
        "id": "39",
        "title": "Sprunki PopIt",
        "title_en": "sprunki-popit",
        "description": "《Sprunki PopIt》是一款轻松解压的泡泡消除游戏。玩家通过点击屏幕，消除相同颜色的泡泡，完成关卡挑战。游戏画面简洁，操作简单，适合所有年龄段的玩家。搜索关键词：Sprunki PopIt 泡泡消除游戏、Sprunki PopIt 解压游戏、Sprunki PopIt 关卡挑战。",
        "url": "https://html5.gamedistribution.com/49da11ad95bb4d33be9d522d472bfb7e/",
        "image": "https://img.gamedistribution.com/49da11ad95bb4d33be9d522d472bfb7e-512x384.jpg",
        "time": "2024-12-15"
    },
    {
        "id": "40",
        "title": "Sprunki 找不同",
        "title_en": "sprunki-find-the-differences",
        "description": "《Sprunki Find The Differences》是一款轻松有趣的找不同游戏，适合所有年龄段的玩家。游戏提供多个精美场景，玩家需在规定时间内找出两幅图片中的细微差异。挑战你的观察力，享受解谜乐趣！适合喜欢休闲益智游戏的玩家。\\n\\n长尾词：Sprunki找不同游戏、休闲益智游戏、观察力挑战游戏",
        "url": "https://html5.gamedistribution.com/e4dee4d6b31940fc9bc701c5ffa8518f/",
        "image": "https://img.gamedistribution.com/e4dee4d6b31940fc9bc701c5ffa8518f-512x384.jpg",
        "time": "2024-12-14"
    },
    {
        "id": "41",
        "title": "SPRUNKI 3D 逃脱",
        "title_en": "sprunki-3d-escape",
        "description": "《SPRUNKI 3D Escape》是一款3D解谜逃脱游戏，玩家需要在充满谜题和陷阱的房间里寻找线索，解开谜题并成功逃脱。游戏画面精美，关卡设计巧妙，适合喜欢挑战智力的玩家。搜索关键词：3D解谜逃脱游戏、SPRUNKI 3D Escape攻略、智力挑战游戏、逃脱游戏推荐。",
        "url": "https://html5.gamedistribution.com/ca9c6fd4901141b5bbdb88eec1bee40a/",
        "image": "https://img.gamedistribution.com/ca9c6fd4901141b5bbdb88eec1bee40a-512x384.jpg",
        "time": "2024-12-24"
    },
    {
        "id": "42",
        "title": "Sprunki 挑战",
        "title_en": "sprunki-challenge",
        "description": "《Sprunki Challenge》是一款快节奏的益智游戏，玩家需要通过点击屏幕控制角色跳跃，避开障碍物并收集道具。游戏画面简洁，操作简单但极具挑战性，适合休闲娱乐。玩家可以挑战高分，与好友一较高下。搜索关键词：Sprunki Challenge 游戏下载、Sprunki Challenge 高分技巧、Sprunki Challenge 玩法攻略。",
        "url": "https://html5.gamedistribution.com/b21ecd2488a5406ab3eee6843fcc1690/",
        "image": "https://img.gamedistribution.com/b21ecd2488a5406ab3eee6843fcc1690-512x384.jpg",
        "time": "2024-12-11"
    },
    {
        "id": "43",
        "title": "鱿鱼挑战",
        "title_en": "greenlight-redlight",
        "description": "《Squid Challenge》是一款基于热门剧集《鱿鱼游戏》改编的生存挑战游戏。玩家将参与一系列紧张刺激的生死对决，如“一二三木头人”和“拔河”等经典游戏。通过策略和反应力，成为最后的赢家。适合喜欢生存竞技和剧集粉丝的玩家。\\n\\n长尾词：鱿鱼游戏改编、生存挑战游戏、一二三木头人游戏、拔河游戏、生存竞技游戏",
        "url": "https://html5.gamedistribution.com/063df6dc6ed14ff49b1030bbca24b373/",
        "image": "https://img.gamedistribution.com/063df6dc6ed14ff49b1030bbca24b373-512x384.jpeg",
        "time": "2021-11-23"
    }
]