[
    {"id":"1","title":"标题1", "title_en":"abc asd ASE", "description":"你好", "url":"360.com","image":"https://lh3.googleusercontent.com/7zdc9mym_7XttC4fi2IjXWscePRGwMOEorrzMogSnPzC7IUGJIqSVg84S1o8nCTopp0LJeVHkIoKJ2Ym1tB7njlF=s275-w275-h175"},
    {"id":"2","title":"标题2", "title_en":"abc asd ASE", "description":"你好", "url":"360.com","image":"https://lh3.googleusercontent.com/7zdc9mym_7XttC4fi2IjXWscePRGwMOEorrzMogSnPzC7IUGJIqSVg84S1o8nCTopp0LJeVHkIoKJ2Ym1tB7njlF=s275-w275-h175"}
]