{"worm-hunt-snake-game-io-zone":"01正流行","chill-girl-clicker":"01正流行","sigma-boy:-musical-clicker":"01正流行","spinning-oia-oia-cat-bricker":"01正流行","squid-game-s2-play-and-survive":"01正流行","brawl-stars":"01正流行","robby-the-lava-tsunami":"01正流行","geometry-stars":"01正流行","sprunki-puzzles-and-singing":"01正流行","lady-pool":"01正流行","bank-robbery-3":"01正流行","noob-in-geometry-dash":"01正流行","ellie-chinese-new-year-celebration":"01正流行","bubble-pop-butterfly":"01正流行","chinese-new-year-mahjong":"01正流行","worms-zone-a-slithery-snake":"01正流行","mahjong-duels":"01正流行","castle-craft":"01正流行","butterfly-shimai":"01正流行","snake-king":"01正流行","bubble-shooter-butterfly":"01正流行","celebritys-chinese-new-year-look":"01正流行","tap-3-mahjong":"01正流行","tropical-merge":"01正流行","best-classic-mahjong-connect-1":"01正流行","the-mergest-kingdom":"01正流行","snake-2048.io":"01正流行","wormsarena.io":"01正流行","squid-sprunki-slither-game-2":"01正流行","red-light-green-light-2":"01正流行","squid-challenge-2":"01正流行","tower-defenders":"01正流行","friday-night-sprunki":"02新游戏","sprunki":"02新游戏","squid-shooter":"02新游戏","squid-fighter":"02新游戏","squid-challenge-glass-bridge":"02新游戏","squid-run":"02新游戏","squid-game-2":"02新游戏","sprunki-popit":"02新游戏","sprunki-find-the-differences":"02新游戏","sprunki-3d-escape":"02新游戏","sprunki-challenge":"02新游戏","greenlight-redlight":"02新游戏","abc asd ASE":"13儿童游戏","xiaoqian2":"06冒险游戏","xiaoqian1":"113D游戏"}