{
  "1-player": "单人游戏",
  "2-player": "双人游戏",
  "3d": "3D游戏",
  "action": "动作游戏",
  "adventure": "冒险游戏",
  "airplane": "飞机游戏",
  "arcade": "街机游戏",
  "arrow": "射箭游戏",
  "barbie": "芭比游戏",
  "basketball": "篮球游戏",
  "board": "棋盘游戏",
  "bus": "巴士游戏",
  "car": "汽车游戏",
  "cat": "猫咪游戏",
  "chess": "国际象棋游戏",
  "coloring": "着色游戏",
  "customize": "定制游戏",
  "defense": "防御游戏",
  "doctor": "医生游戏",
  "dress-up": "装扮游戏",
  "drift": "漂移游戏",
  "driving": "驾驶游戏",
  "education": "教育游戏",
  "farming": "农场游戏",
  "fighting": "格斗游戏",
  "first-person-shooter": "第一人称射击游戏",
  "fish": "钓鱼游戏",
  "food": "食物游戏",
  "football": "足球游戏",
  "gun": "枪战游戏",
  "io": "IO游戏",
  "jigsaw": "拼图游戏",
  "mahjong": "麻将游戏",
  "makeup": "化妆游戏",
  "multiplayer": "多人游戏",
  "other": "其他游戏",
  "pizza": "披萨游戏",
  "police": "警察游戏",
  "puzzle": "益智游戏",
  "racing": "赛车游戏",
  "robot": "机器人游戏",
  "shooting": "射击游戏",
  "snake": "贪吃蛇游戏",
  "sniper": "狙击游戏",
  "solitaire": "纸牌游戏",
  "space": "太空游戏",
  "sports": "体育游戏",
  "stickman": "火柴人游戏",
  "strategy": "策略游戏",
  "tank": "坦克游戏",
  "taxi": "出租车游戏",
  "truck": "卡车游戏",
  "word": "单词游戏",
  "zombie": "僵尸游戏"
}